{
  "version": 1,
  "width": 32,
  "height": 5,
  "duration": 18.816945,
  "command": null,
  "title": null,
  "env": {
    "TERM": "xterm-256color",
    "SHELL": "/usr/local/bin/fish"
  },
  "stdout": [
    [
      0.001904,
      "\u001b[38;2;85;85;85mode example.js \u001b[15D\u001b[30m\u001b(B\u001b[m"
    ],
    [
      0.116914,
      "\u001b[1mo\u001b(B\u001b[m\u001b[38;2;85;85;85mde example.js \u001b[14D\u001b[30m\u001b(B\u001b[m"
    ],
    [
      0.000171,
      "\b\b\u001b[91mno\u001b[38;2;85;85;85mde example.js \u001b[14D\u001b[30m\u001b(B\u001b[m"
    ],
    [
      0.067673,
      "\u001b[91md\u001b[38;2;85;85;85me example.js \u001b[13D\u001b[30m\u001b(B\u001b[m"
    ],
    [
      0.203036,
      "\u001b[91me\u001b[38;2;85;85;85m example.js \u001b[12D\u001b[30m\u001b(B\u001b[m"
    ],
    [
      0.000326,
      "\b\b\b\b\u001b[1mnode\u001b(B\u001b[m\u001b[38;2;85;85;85m example.js \u001b[12D\u001b[30m\u001b(B\u001b[m"
    ],
    [
      0.085694,
      "\u001b[1m \u001b(B\u001b[m\u001b[38;2;85;85;85mexample.js \u001b[11D\u001b[30m\u001b(B\u001b[m"
    ],
    [
      0.000111,
      "\b \u001b[38;2;85;85;85mexample.js \u001b[11D\u001b[30m\u001b(B\u001b[m"
    ],
    [
      0.382488,
      "example.js "
    ],
    [
      0.000165,
      "\u001b[11D\u001b[36mexample.js\u001b[30m\u001b(B\u001b[m "
    ],
    [
      0.314997,
      "\r\n\u001b[30m\u001b(B\u001b[m"
    ],
    [
      0.00013,
      "\u001b[?2004l"
    ],
    [
      0.011313,
      "\u001b]0;ora: node example.js  — node\u0007\u001b[30m\u001b(B\u001b[m\r"
    ],
    [
      0.1158,
      "\u001b[?25l"
    ],
    [
      0.002061,
      "\u001b[2K"
    ],
    [
      0.000114,
      "\u001b[1G"
    ],
    [
      0.000158,
      "\u001b[36m⠋\u001b[39m Loading unicorns"
    ],
    [
      0.083103,
      "\u001b[2K\u001b[1G"
    ],
    [
      0.000377,
      "\u001b[36m⠙\u001b[39m Loading unicorns"
    ],
    [
      0.086286,
      "\u001b[2K\u001b[1G"
    ],
    [
      0.00012,
      "\u001b[36m⠹\u001b[39m Loading unicorns"
    ],
    [
      0.081743,
      "\u001b[2K"
    ],
    [
      0.000111,
      "\u001b[1G"
    ],
    [
      0.000128,
      "\u001b[36m⠸\u001b[39m Loading unicorns"
    ],
    [
      0.085696,
      "\u001b[2K\u001b[1G"
    ],
    [
      0.000299,
      "\u001b[36m⠼\u001b[39m Loading unicorns"
    ],
    [
      0.083688,
      "\u001b[2K"
    ],
    [
      8.3e-05,
      "\u001b[1G"
    ],
    [
      0.000148,
      "\u001b[36m⠴\u001b[39m Loading unicorns"
    ],
    [
      0.080913,
      "\u001b[2K"
    ],
    [
      9.5e-05,
      "\u001b[1G"
    ],
    [
      0.000267,
      "\u001b[36m⠦\u001b[39m Loading unicorns"
    ],
    [
      0.086336,
      "\u001b[2K\u001b[1G"
    ],
    [
      0.000169,
      "\u001b[36m⠧\u001b[39m Loading unicorns"
    ],
    [
      0.083412,
      "\u001b[2K"
    ],
    [
      6.4e-05,
      "\u001b[1G"
    ],
    [
      0.000298,
      "\u001b[36m⠇\u001b[39m Loading unicorns"
    ],
    [
      0.086227,
      "\u001b[2K"
    ],
    [
      8.5e-05,
      "\u001b[1G"
    ],
    [
      0.000161,
      "\u001b[36m⠏\u001b[39m Loading unicorns"
    ],
    [
      0.082719,
      "\u001b[2K"
    ],
    [
      9.5e-05,
      "\u001b[1G"
    ],
    [
      0.000398,
      "\u001b[36m⠋\u001b[39m Loading unicorns"
    ],
    [
      0.084857,
      "\u001b[2K"
    ],
    [
      5.1e-05,
      "\u001b[1G"
    ],
    [
      0.000383,
      "\u001b[36m⠙\u001b[39m Loading unicorns"
    ],
    [
      0.082811,
      "\u001b[2K\u001b[1G"
    ],
    [
      0.000121,
      "\u001b[36m⠹\u001b[39m Loading unicorns"
    ],
    [
      0.080951,
      "\u001b[2K"
    ],
    [
      8.3e-05,
      "\u001b[1G"
    ],
    [
      0.000181,
      "\u001b[36m⠸\u001b[39m Loading unicorns"
    ],
    [
      0.084463,
      "\u001b[2K"
    ],
    [
      0.000107,
      "\u001b[1G"
    ],
    [
      0.000122,
      "\u001b[36m⠼\u001b[39m Loading unicorns"
    ],
    [
      0.083375,
      "\u001b[2K\u001b[1G"
    ],
    [
      0.000127,
      "\u001b[36m⠴\u001b[39m Loading unicorns"
    ],
    [
      0.080903,
      "\u001b[2K"
    ],
    [
      0.000341,
      "\u001b[1G"
    ],
    [
      6.5e-05,
      "\u001b[36m⠦\u001b[39m Loading unicorns"
    ],
    [
      0.085916,
      "\u001b[2K\u001b[1G"
    ],
    [
      0.00024,
      "\u001b[36m⠧\u001b[39m Loading unicorns"
    ],
    [
      0.081289,
      "\u001b[2K"
    ],
    [
      8.6e-05,
      "\u001b[1G"
    ],
    [
      0.000605,
      "\u001b[36m⠇\u001b[39m Loading unicorns"
    ],
    [
      0.080957,
      "\u001b[2K"
    ],
    [
      0.00037,
      "\u001b[1G"
    ],
    [
      0.00053,
      "\u001b[36m⠏\u001b[39m Loading unicorns"
    ],
    [
      0.084219,
      "\u001b[2K"
    ],
    [
      8.5e-05,
      "\u001b[1G"
    ],
    [
      0.000328,
      "\u001b[36m⠋\u001b[39m Loading unicorns"
    ],
    [
      0.082526,
      "\u001b[2K"
    ],
    [
      8.8e-05,
      "\u001b[1G"
    ],
    [
      0.000244,
      "\u001b[36m⠙\u001b[39m Loading unicorns"
    ],
    [
      0.082079,
      "\u001b[2K"
    ],
    [
      6.4e-05,
      "\u001b[1G"
    ],
    [
      0.000816,
      "\u001b[36m⠹\u001b[39m Loading unicorns"
    ],
    [
      0.084362,
      "\u001b[2K"
    ],
    [
      8.1e-05,
      "\u001b[1G"
    ],
    [
      0.000167,
      "\u001b[36m⠸\u001b[39m Loading unicorns"
    ],
    [
      0.08224,
      "\u001b[2K"
    ],
    [
      8.1e-05,
      "\u001b[1G"
    ],
    [
      0.000347,
      "\u001b[33m⠼\u001b[39m Loading rainbows"
    ],
    [
      0.0813,
      "\u001b[2K\u001b[1G"
    ],
    [
      0.000104,
      "\u001b[33m⠴\u001b[39m Loading rainbows"
    ],
    [
      0.081323,
      "\u001b[2K\u001b[1G"
    ],
    [
      0.000131,
      "\u001b[33m⠦\u001b[39m Loading rainbows"
    ],
    [
      0.080502,
      "\u001b[2K\u001b[1G"
    ],
    [
      0.000104,
      "\u001b[33m⠧\u001b[39m Loading rainbows"
    ],
    [
      0.081233,
      "\u001b[2K"
    ],
    [
      6.7e-05,
      "\u001b[1G"
    ],
    [
      0.000224,
      "\u001b[33m⠇\u001b[39m Loading rainbows"
    ],
    [
      0.084122,
      "\u001b[2K"
    ],
    [
      6.8e-05,
      "\u001b[1G"
    ],
    [
      9.7e-05,
      "\u001b[33m⠏\u001b[39m Loading rainbows"
    ],
    [
      0.084086,
      "\u001b[2K\u001b[1G"
    ],
    [
      0.000214,
      "\u001b[33m⠋\u001b[39m Loading rainbows"
    ],
    [
      0.085431,
      "\u001b[2K\u001b[1G"
    ],
    [
      0.000178,
      "\u001b[33m⠙\u001b[39m Loading rainbows"
    ],
    [
      0.082205,
      "\u001b[2K"
    ],
    [
      8.6e-05,
      "\u001b[1G"
    ],
    [
      0.000167,
      "\u001b[33m⠹\u001b[39m Loading rainbows"
    ],
    [
      0.08663,
      "\u001b[2K"
    ],
    [
      9.5e-05,
      "\u001b[1G"
    ],
    [
      0.000173,
      "\u001b[33m⠸\u001b[39m Loading rainbows"
    ],
    [
      0.084956,
      "\u001b[2K"
    ],
    [
      9.4e-05,
      "\u001b[1G"
    ],
    [
      0.000228,
      "\u001b[33m⠼\u001b[39m Loading rainbows"
    ],
    [
      0.083064,
      "\u001b[2K\u001b[1G"
    ],
    [
      0.000233,
      "\u001b[33m⠴\u001b[39m Loading rainbows"
    ],
    [
      0.084532,
      "\u001b[2K"
    ],
    [
      8.9e-05,
      "\u001b[1G"
    ],
    [
      0.000205,
      "\u001b[33m⠦\u001b[39m Loading rainbows"
    ],
    [
      0.082335,
      "\u001b[2K\u001b[1G"
    ],
    [
      0.000293,
      "\u001b[33m⠧\u001b[39m Loading rainbows"
    ],
    [
      0.083895,
      "\u001b[2K\u001b[1G"
    ],
    [
      0.000357,
      "\u001b[33m⠇\u001b[39m Loading rainbows"
    ],
    [
      0.084621,
      "\u001b[2K"
    ],
    [
      0.000116,
      "\u001b[1G"
    ],
    [
      0.000195,
      "\u001b[33m⠏\u001b[39m Loading rainbows"
    ],
    [
      0.084423,
      "\u001b[2K\u001b[1G"
    ],
    [
      0.000528,
      "\u001b[33m⠋\u001b[39m Loading rainbows"
    ],
    [
      0.084666,
      "\u001b[2K"
    ],
    [
      5.7e-05,
      "\u001b[1G"
    ],
    [
      0.00021,
      "\u001b[33m⠙\u001b[39m Loading rainbows"
    ],
    [
      0.08529,
      "\u001b[2K"
    ],
    [
      9e-05,
      "\u001b[1G"
    ],
    [
      0.000166,
      "\u001b[33m⠹\u001b[39m Loading rainbows"
    ],
    [
      0.08098,
      "\u001b[2K"
    ],
    [
      0.001673,
      "\u001b[1G"
    ],
    [
      0.001369,
      "\u001b[33m⠸\u001b[39m Loading rainbows"
    ],
    [
      0.084824,
      "\u001b[2K"
    ],
    [
      6.7e-05,
      "\u001b[1G"
    ],
    [
      0.000209,
      "\u001b[33m⠼\u001b[39m Loading rainbows"
    ],
    [
      0.084048,
      "\u001b[2K"
    ],
    [
      9.5e-05,
      "\u001b[1G"
    ],
    [
      0.000167,
      "\u001b[33m⠴\u001b[39m Loading rainbows"
    ],
    [
      0.08298,
      "\u001b[2K"
    ],
    [
      6.6e-05,
      "\u001b[1G"
    ],
    [
      0.000435,
      "\u001b[33m⠦\u001b[39m Loading rainbows"
    ],
    [
      0.080783,
      "\u001b[2K"
    ],
    [
      8.3e-05,
      "\u001b[1G"
    ],
    [
      0.000382,
      "\u001b[33m⠧\u001b[39m Loading rainbows"
    ],
    [
      0.081044,
      "\u001b[2K"
    ],
    [
      6.6e-05,
      "\u001b[1G"
    ],
    [
      0.000247,
      "\u001b[32m⠇\u001b[39m Loading unicorns"
    ],
    [
      0.08066,
      "\u001b[2K"
    ],
    [
      6.7e-05,
      "\u001b[1G"
    ],
    [
      0.000111,
      "\u001b[32m⠏\u001b[39m Loading unicorns"
    ],
    [
      0.083301,
      "\u001b[2K"
    ],
    [
      6e-05,
      "\u001b[1G"
    ],
    [
      0.000177,
      "\u001b[32m⠋\u001b[39m Loading unicorns"
    ],
    [
      0.08367,
      "\u001b[2K\u001b[1G"
    ],
    [
      0.000256,
      "\u001b[32m⠙\u001b[39m Loading unicorns"
    ],
    [
      0.083109,
      "\u001b[2K\u001b[1G"
    ],
    [
      0.000356,
      "\u001b[32m⠹\u001b[39m Loading unicorns"
    ],
    [
      0.08574,
      "\u001b[2K"
    ],
    [
      8.9e-05,
      "\u001b[1G"
    ],
    [
      0.000325,
      "\u001b[32m⠸\u001b[39m Loading unicorns"
    ],
    [
      0.084085,
      "\u001b[2K"
    ],
    [
      6.7e-05,
      "\u001b[1G"
    ],
    [
      0.000224,
      "\u001b[32m⠼\u001b[39m Loading unicorns"
    ],
    [
      0.085112,
      "\u001b[2K\u001b[1G\u001b[32m⠴\u001b[39m Loading unicorns"
    ],
    [
      0.080702,
      "\u001b[2K\u001b[1G"
    ],
    [
      0.000142,
      "\u001b[32m⠦\u001b[39m Loading unicorns"
    ],
    [
      0.08402,
      "\u001b[2K\u001b[1G"
    ],
    [
      0.000618,
      "\u001b[32m⠧\u001b[39m Loading unicorns"
    ],
    [
      0.082493,
      "\u001b[2K"
    ],
    [
      8e-05,
      "\u001b[1G"
    ],
    [
      0.000213,
      "\u001b[32m⠇\u001b[39m Loading unicorns"
    ],
    [
      0.081267,
      "\u001b[2K"
    ],
    [
      6.9e-05,
      "\u001b[1G"
    ],
    [
      0.000126,
      "\u001b[32m⠏\u001b[39m Loading unicorns"
    ],
    [
      0.080987,
      "\u001b[2K\u001b[1G"
    ],
    [
      0.000802,
      "\u001b[32m⠋\u001b[39m Loading unicorns"
    ],
    [
      0.083891,
      "\u001b[2K\u001b[1G"
    ],
    [
      7.1e-05,
      "\u001b[32m⠙\u001b[39m Loading unicorns"
    ],
    [
      0.081677,
      "\u001b[2K"
    ],
    [
      6.8e-05,
      "\u001b[1G"
    ],
    [
      0.000109,
      "\u001b[32m⠹\u001b[39m Loading unicorns"
    ],
    [
      0.081978,
      "\u001b[2K"
    ],
    [
      0.000105,
      "\u001b[1G"
    ],
    [
      0.000475,
      "\u001b[32m⠸\u001b[39m Loading unicorns"
    ],
    [
      0.085732,
      "\u001b[2K"
    ],
    [
      7e-05,
      "\u001b[1G"
    ],
    [
      0.000111,
      "\u001b[32m⠼\u001b[39m Loading unicorns"
    ],
    [
      0.081498,
      "\u001b[2K\u001b[1G"
    ],
    [
      0.000357,
      "\u001b[32m⠴\u001b[39m Loading unicorns"
    ],
    [
      0.081684,
      "\u001b[2K"
    ],
    [
      7.3e-05,
      "\u001b[1G"
    ],
    [
      0.000603,
      "\u001b[32m⠦\u001b[39m Loading unicorns"
    ],
    [
      0.081071,
      "\u001b[2K\u001b[1G"
    ],
    [
      0.000262,
      "\u001b[32m⠧\u001b[39m Loading unicorns"
    ],
    [
      0.084355,
      "\u001b[2K\u001b[1G\u001b[32m⠇\u001b[39m Loading unicorns"
    ],
    [
      0.084846,
      "\u001b[2K"
    ],
    [
      5.7e-05,
      "\u001b[1G"
    ],
    [
      0.000232,
      "\u001b[32m⠏\u001b[39m Loading unicorns"
    ],
    [
      0.084847,
      "\u001b[2K\u001b[1G"
    ],
    [
      0.000235,
      "\u001b[32m⠋\u001b[39m Loading unicorns"
    ],
    [
      0.082068,
      "\u001b[2K\u001b[1G"
    ],
    [
      0.000619,
      "\u001b[32m⠙\u001b[39m Loading unicorns"
    ],
    [
      0.081252,
      "\u001b[2K"
    ],
    [
      6.9e-05,
      "\u001b[1G"
    ],
    [
      0.000124,
      "\u001b[33m⠹\u001b[39m Loading rainbows"
    ],
    [
      0.083929,
      "\u001b[2K\u001b[1G"
    ],
    [
      0.000121,
      "\u001b[33m⠸\u001b[39m Loading rainbows"
    ],
    [
      0.083262,
      "\u001b[2K"
    ],
    [
      5.8e-05,
      "\u001b[1G"
    ],
    [
      0.0002,
      "\u001b[33m⠼\u001b[39m Loading rainbows"
    ],
    [
      0.082963,
      "\u001b[2K"
    ],
    [
      0.000453,
      "\u001b[1G\u001b[33m⠴\u001b[39m Loading rainbows"
    ],
    [
      0.084622,
      "\u001b[2K"
    ],
    [
      9.1e-05,
      "\u001b[1G"
    ],
    [
      0.000386,
      "\u001b[33m⠦\u001b[39m Loading rainbows"
    ],
    [
      0.082358,
      "\u001b[2K\u001b[1G"
    ],
    [
      0.000205,
      "\u001b[33m⠧\u001b[39m Loading rainbows"
    ],
    [
      0.082973,
      "\u001b[2K"
    ],
    [
      0.000114,
      "\u001b[1G"
    ],
    [
      0.00045,
      "\u001b[33m⠇\u001b[39m Loading rainbows"
    ],
    [
      0.081773,
      "\u001b[2K\u001b[1G"
    ],
    [
      0.00026,
      "\u001b[33m⠏\u001b[39m Loading rainbows"
    ],
    [
      0.081145,
      "\u001b[2K"
    ],
    [
      6.6e-05,
      "\u001b[1G"
    ],
    [
      0.000218,
      "\u001b[33m⠋\u001b[39m Loading rainbows"
    ],
    [
      0.083303,
      "\u001b[2K"
    ],
    [
      7.8e-05,
      "\u001b[1G"
    ],
    [
      0.000555,
      "\u001b[33m⠙\u001b[39m Loading rainbows"
    ],
    [
      0.082269,
      "\u001b[2K"
    ],
    [
      9e-05,
      "\u001b[1G"
    ],
    [
      0.000251,
      "\u001b[33m⠹\u001b[39m Loading rainbows"
    ],
    [
      0.086135,
      "\u001b[2K\u001b[1G"
    ],
    [
      0.000383,
      "\u001b[33m⠸\u001b[39m Loading rainbows"
    ],
    [
      0.081856,
      "\u001b[2K"
    ],
    [
      9.4e-05,
      "\u001b[1G"
    ],
    [
      0.000216,
      "\u001b[33m⠼\u001b[39m Loading rainbows"
    ],
    [
      0.0838,
      "\u001b[2K\u001b[1G"
    ],
    [
      0.000204,
      "\u001b[33m⠴\u001b[39m Loading rainbows"
    ],
    [
      0.083278,
      "\u001b[2K\u001b[1G"
    ],
    [
      0.000154,
      "\u001b[33m⠦\u001b[39m Loading rainbows"
    ],
    [
      0.084661,
      "\u001b[2K\u001b[1G"
    ],
    [
      0.000425,
      "\u001b[33m⠧\u001b[39m Loading rainbows"
    ],
    [
      0.085872,
      "\u001b[2K\u001b[1G"
    ],
    [
      0.000338,
      "\u001b[33m⠇\u001b[39m Loading rainbows"
    ],
    [
      0.08196,
      "\u001b[2K\u001b[1G"
    ],
    [
      0.000576,
      "\u001b[33m⠏\u001b[39m Loading rainbows"
    ],
    [
      0.082757,
      "\u001b[2K"
    ],
    [
      6.8e-05,
      "\u001b[1G"
    ],
    [
      0.000226,
      "\u001b[33m⠋\u001b[39m Loading rainbows"
    ],
    [
      0.084301,
      "\u001b[2K\u001b[1G"
    ],
    [
      0.000283,
      "\u001b[33m⠙\u001b[39m Loading rainbows"
    ],
    [
      0.081155,
      "\u001b[2K"
    ],
    [
      0.000105,
      "\u001b[1G"
    ],
    [
      0.000217,
      "\u001b[33m⠹\u001b[39m Loading rainbows"
    ],
    [
      0.084793,
      "\u001b[2K"
    ],
    [
      0.000125,
      "\u001b[1G"
    ],
    [
      0.000247,
      "\u001b[33m⠸\u001b[39m Loading rainbows"
    ],
    [
      0.083009,
      "\u001b[2K"
    ],
    [
      6.6e-05,
      "\u001b[1G"
    ],
    [
      0.000225,
      "\u001b[33m⠼\u001b[39m Loading rainbows"
    ],
    [
      0.081915,
      "\u001b[2K"
    ],
    [
      8.3e-05,
      "\u001b[1G"
    ],
    [
      0.000149,
      "\u001b[33m⠴\u001b[39m Loading rainbows"
    ],
    [
      0.080718,
      "\u001b[2K\u001b[1G"
    ],
    [
      0.000198,
      "\u001b[32m⠦\u001b[39m Loading unicorns"
    ],
    [
      0.082405,
      "\u001b[2K"
    ],
    [
      9.1e-05,
      "\u001b[1G"
    ],
    [
      0.000459,
      "\u001b[32m⠧\u001b[39m Loading unicorns"
    ],
    [
      0.084385,
      "\u001b[2K\u001b[1G"
    ],
    [
      0.000196,
      "\u001b[32m⠇\u001b[39m Loading unicorns"
    ],
    [
      0.085676,
      "\u001b[2K"
    ],
    [
      0.000104,
      "\u001b[1G"
    ],
    [
      0.000613,
      "\u001b[32m⠏\u001b[39m Loading unicorns"
    ],
    [
      0.082713,
      "\u001b[2K\u001b[1G"
    ],
    [
      0.000962,
      "\u001b[32m⠋\u001b[39m Loading unicorns"
    ],
    [
      0.085432,
      "\u001b[2K"
    ],
    [
      9.2e-05,
      "\u001b[1G"
    ],
    [
      0.00041,
      "\u001b[32m⠙\u001b[39m Loading unicorns"
    ],
    [
      0.082907,
      "\u001b[2K"
    ],
    [
      9.9e-05,
      "\u001b[1G"
    ],
    [
      0.000262,
      "\u001b[32m⠹\u001b[39m Loading unicorns"
    ],
    [
      0.082884,
      "\u001b[2K"
    ],
    [
      0.000193,
      "\u001b[1G"
    ],
    [
      0.000735,
      "\u001b[32m⠸\u001b[39m Loading unicorns"
    ],
    [
      0.08535,
      "\u001b[2K\u001b[1G"
    ],
    [
      0.000116,
      "\u001b[32m⠼\u001b[39m Loading unicorns"
    ],
    [
      0.083234,
      "\u001b[2K"
    ],
    [
      5.9e-05,
      "\u001b[1G"
    ],
    [
      0.000258,
      "\u001b[32m⠴\u001b[39m Loading unicorns"
    ],
    [
      0.086415,
      "\u001b[2K\u001b[1G"
    ],
    [
      0.000148,
      "\u001b[32m⠦\u001b[39m Loading unicorns"
    ],
    [
      0.081705,
      "\u001b[2K"
    ],
    [
      8.8e-05,
      "\u001b[1G"
    ],
    [
      0.000146,
      "\u001b[32m⠧\u001b[39m Loading unicorns"
    ],
    [
      0.080807,
      "\u001b[2K"
    ],
    [
      8.8e-05,
      "\u001b[1G"
    ],
    [
      0.000249,
      "\u001b[32m⠇\u001b[39m Loading unicorns"
    ],
    [
      0.079687,
      "\u001b[2K"
    ],
    [
      8.4e-05,
      "\u001b[1G"
    ],
    [
      0.000183,
      "\u001b[32m⠏\u001b[39m Loading unicorns"
    ],
    [
      0.081712,
      "\u001b[2K"
    ],
    [
      6.7e-05,
      "\u001b[1G"
    ],
    [
      0.000254,
      "\u001b[32m⠋\u001b[39m Loading unicorns"
    ],
    [
      0.080168,
      "\u001b[2K\u001b[1G"
    ],
    [
      0.000822,
      "\u001b[32m⠙\u001b[39m Loading unicorns"
    ],
    [
      0.084237,
      "\u001b[2K"
    ],
    [
      9.8e-05,
      "\u001b[1G"
    ],
    [
      0.000488,
      "\u001b[32m⠹\u001b[39m Loading unicorns"
    ],
    [
      0.084152,
      "\u001b[2K\u001b[1G"
    ],
    [
      0.000279,
      "\u001b[32m⠸\u001b[39m Loading unicorns"
    ],
    [
      0.081638,
      "\u001b[2K"
    ],
    [
      9.3e-05,
      "\u001b[1G"
    ],
    [
      0.000138,
      "\u001b[32m⠼\u001b[39m Loading unicorns"
    ],
    [
      0.083315,
      "\u001b[2K"
    ],
    [
      9.4e-05,
      "\u001b[1G"
    ],
    [
      0.000148,
      "\u001b[32m⠴\u001b[39m Loading unicorns"
    ],
    [
      0.081786,
      "\u001b[2K\u001b[1G"
    ],
    [
      0.000268,
      "\u001b[32m⠦\u001b[39m Loading unicorns"
    ],
    [
      0.08429,
      "\u001b[2K"
    ],
    [
      0.000137,
      "\u001b[1G"
    ],
    [
      0.000295,
      "\u001b[32m⠧\u001b[39m Loading unicorns"
    ],
    [
      0.081238,
      "\u001b[2K"
    ],
    [
      6.7e-05,
      "\u001b[1G"
    ],
    [
      0.000109,
      "\u001b[32m⠇\u001b[39m Loading unicorns"
    ],
    [
      0.086071,
      "\u001b[2K\u001b[1G\u001b[32m⠏\u001b[39m Loading unicorns"
    ],
    [
      0.081903,
      "\u001b[2K\u001b[1G"
    ],
    [
      0.000388,
      "\u001b[33m⠋\u001b[39m Loading rainbows"
    ],
    [
      0.083037,
      "\u001b[2K"
    ],
    [
      0.000101,
      "\u001b[1G"
    ],
    [
      0.000473,
      "\u001b[33m⠙\u001b[39m Loading rainbows"
    ],
    [
      0.082119,
      "\u001b[2K\u001b[1G"
    ],
    [
      0.000351,
      "\u001b[33m⠹\u001b[39m Loading rainbows"
    ],
    [
      0.085497,
      "\u001b[2K"
    ],
    [
      8.8e-05,
      "\u001b[1G"
    ],
    [
      0.001197,
      "\u001b[33m⠸\u001b[39m Loading rainbows"
    ],
    [
      0.082871,
      "\u001b[2K"
    ],
    [
      6.7e-05,
      "\u001b[1G"
    ],
    [
      0.000109,
      "\u001b[33m⠼\u001b[39m Loading rainbows"
    ],
    [
      0.086538,
      "\u001b[2K\u001b[1G"
    ],
    [
      0.000281,
      "\u001b[33m⠴\u001b[39m Loading rainbows"
    ],
    [
      0.085626,
      "^D\b\b"
    ],
    [
      0.001457,
      "\u001b[2K"
    ],
    [
      6e-05,
      "\u001b[1G"
    ],
    [
      0.000189,
      "\u001b[33m⠦\u001b[39m Loading rainbows"
    ],
    [
      0.085264,
      "\u001b[2K"
    ],
    [
      6.7e-05,
      "\u001b[1G"
    ],
    [
      0.000265,
      "\u001b[33m⠧\u001b[39m Loading rainbows"
    ],
    [
      0.085663,
      "\u001b[2K"
    ],
    [
      6.9e-05,
      "\u001b[1G"
    ],
    [
      0.000108,
      "\u001b[33m⠇\u001b[39m Loading rainbows"
    ],
    [
      0.084885,
      "\u001b[2K"
    ],
    [
      0.000113,
      "\u001b[1G"
    ],
    [
      0.000455,
      "\u001b[33m⠏\u001b[39m Loading rainbows"
    ],
    [
      0.083256,
      "\u001b[2K\u001b[1G"
    ],
    [
      0.001423,
      "\u001b[33m⠋\u001b[39m Loading rainbows"
    ],
    [
      0.089174,
      "\u001b[2K"
    ],
    [
      0.001635,
      "\u001b[1G\u001b[33m⠙\u001b[39m Loading rainbows"
    ],
    [
      0.092049,
      "\u001b[2K\u001b[1G"
    ],
    [
      0.000206,
      "\u001b[33m⠹\u001b[39m Loading rainbows"
    ],
    [
      0.080988,
      "\u001b[2K"
    ],
    [
      9.7e-05,
      "\u001b[1G"
    ],
    [
      0.00034,
      "\u001b[33m⠸\u001b[39m Loading rainbows"
    ],
    [
      0.081192,
      "\u001b[2K"
    ],
    [
      8.3e-05,
      "\u001b[1G"
    ],
    [
      0.000165,
      "\u001b[33m⠼\u001b[39m Loading rainbows"
    ],
    [
      0.085462,
      "\u001b[2K\u001b[1G"
    ],
    [
      0.000381,
      "\u001b[33m⠴\u001b[39m Loading rainbows"
    ],
    [
      0.084879,
      "\u001b[2K"
    ],
    [
      9.6e-05,
      "\u001b[1G"
    ],
    [
      0.000182,
      "\u001b[33m⠦\u001b[39m Loading rainbows"
    ],
    [
      0.081392,
      "\u001b[2K"
    ],
    [
      0.000104,
      "\u001b[1G"
    ],
    [
      0.000187,
      "\u001b[33m⠧\u001b[39m Loading rainbows"
    ],
    [
      0.081924,
      "\u001b[2K\u001b[1G\u001b[33m⠇\u001b[39m Loading rainbows"
    ],
    [
      0.084352,
      "\u001b[2K"
    ],
    [
      9.7e-05,
      "\u001b[1G"
    ],
    [
      0.00037,
      "\u001b[33m⠏\u001b[39m Loading rainbows"
    ],
    [
      0.080816,
      "\u001b[2K\u001b[1G"
    ],
    [
      0.000417,
      "\u001b[33m⠋\u001b[39m Loading rainbows"
    ],
    [
      0.084295,
      "\u001b[2K\u001b[1G"
    ],
    [
      0.000202,
      "\u001b[33m⠙\u001b[39m Loading rainbows"
    ],
    [
      0.084905,
      "\u001b[2K\u001b[1G"
    ],
    [
      0.000103,
      "\u001b[33m⠹\u001b[39m Loading rainbows"
    ],
    [
      0.080886,
      "\u001b[2K"
    ],
    [
      0.000102,
      "\u001b[1G"
    ],
    [
      0.000188,
      "\u001b[33m⠸\u001b[39m Loading rainbows"
    ],
    [
      0.085382,
      "\u001b[2K\u001b[1G\u001b[32m⠼\u001b[39m Loading unicorns"
    ],
    [
      0.081915,
      "\u001b[2K\u001b[1G"
    ],
    [
      0.000274,
      "\u001b[32m⠴\u001b[39m Loading unicorns"
    ],
    [
      0.084892,
      "\u001b[2K"
    ],
    [
      0.000169,
      "\u001b[1G\u001b[32m⠦\u001b[39m Loading unicorns"
    ],
    [
      0.083987,
      "\u001b[2K\u001b[1G"
    ],
    [
      0.000211,
      "\u001b[32m⠧\u001b[39m Loading unicorns"
    ],
    [
      0.084345,
      "\u001b[2K"
    ],
    [
      7.6e-05,
      "\u001b[1G"
    ],
    [
      9.7e-05,
      "\u001b[32m⠇\u001b[39m Loading unicorns"
    ],
    [
      0.083658,
      "\u001b[2K"
    ],
    [
      0.000109,
      "\u001b[1G"
    ],
    [
      0.000244,
      "\u001b[32m⠏\u001b[39m Loading unicorns"
    ],
    [
      0.083053,
      "\u001b[2K\u001b[1G\u001b[32m⠋\u001b[39m Loading unicorns"
    ],
    [
      0.084848,
      "\u001b[2K\u001b[1G"
    ],
    [
      0.000153,
      "\u001b[32m⠙\u001b[39m Loading unicorns"
    ],
    [
      0.083902,
      "\u001b[2K\u001b[1G"
    ],
    [
      0.000767,
      "\u001b[32m⠹\u001b[39m Loading unicorns"
    ],
    [
      0.080861,
      "\u001b[2K\u001b[1G\u001b[32m⠸\u001b[39m Loading unicorns"
    ],
    [
      0.081879,
      "\u001b[2K\u001b[1G"
    ],
    [
      0.000182,
      "\u001b[32m⠼\u001b[39m Loading unicorns"
    ],
    [
      0.083858,
      "\u001b[2K"
    ],
    [
      6.5e-05,
      "\u001b[1G"
    ],
    [
      0.000341,
      "\u001b[32m⠴\u001b[39m Loading unicorns"
    ],
    [
      0.085888,
      "\u001b[2K"
    ],
    [
      0.000112,
      "\u001b[1G"
    ],
    [
      0.000229,
      "\u001b[32m⠦\u001b[39m Loading unicorns"
    ],
    [
      0.083217,
      "\u001b[2K\u001b[1G"
    ],
    [
      0.00012,
      "\u001b[32m⠧\u001b[39m Loading unicorns"
    ],
    [
      0.080302,
      "\u001b[2K"
    ],
    [
      9.9e-05,
      "\u001b[1G"
    ],
    [
      0.000323,
      "\u001b[32m⠇\u001b[39m Loading unicorns"
    ],
    [
      0.08551,
      "\u001b[2K\u001b[1G\u001b[32m⠏\u001b[39m Loading unicorns"
    ],
    [
      0.054202,
      "^D\b\b"
    ],
    [
      0.026417,
      "\u001b[2K\u001b[1G"
    ],
    [
      0.000484,
      "\u001b[32m⠋\u001b[39m Loading unicorns"
    ],
    [
      0.082857,
      "\u001b[2K"
    ],
    [
      0.000422,
      "\u001b[1G"
    ],
    [
      0.00016,
      "\u001b[32m⠙\u001b[39m Loading unicorns"
    ],
    [
      0.084827,
      "\u001b[2K"
    ],
    [
      7.9e-05,
      "\u001b[1G"
    ],
    [
      0.000136,
      "\u001b[32m⠹\u001b[39m Loading unicorns"
    ],
    [
      0.081255,
      "\u001b[2K\u001b[1G"
    ],
    [
      0.000107,
      "\u001b[32m⠸\u001b[39m Loading unicorns"
    ],
    [
      0.082968,
      "\u001b[2K"
    ],
    [
      0.000135,
      "\u001b[1G"
    ],
    [
      9e-05,
      "\u001b[32m⠼\u001b[39m Loading unicorns"
    ],
    [
      0.083101,
      "\u001b[2K"
    ],
    [
      0.0001,
      "\u001b[1G"
    ],
    [
      0.000121,
      "\u001b[32m⠴\u001b[39m Loading unicorns"
    ],
    [
      0.080704,
      "\u001b[2K"
    ],
    [
      0.000382,
      "\u001b[1G"
    ],
    [
      5.8e-05,
      "\u001b[32m⠦\u001b[39m Loading unicorns"
    ],
    [
      0.085362,
      "\u001b[2K\u001b[1G\u001b[32m⠧\u001b[39m Loading unicorns"
    ],
    [
      0.084439,
      "\u001b[2K"
    ],
    [
      6.5e-05,
      "\u001b[1G"
    ],
    [
      0.000109,
      "\u001b[33m⠇\u001b[39m Loading rainbows"
    ],
    [
      0.081339,
      "\u001b[2K"
    ],
    [
      9.5e-05,
      "\u001b[1G"
    ],
    [
      0.00027,
      "\u001b[33m⠏\u001b[39m Loading rainbows"
    ],
    [
      0.047113,
      "^D\b\b"
    ],
    [
      0.03416,
      "\u001b[2K"
    ],
    [
      7.8e-05,
      "\u001b[1G"
    ],
    [
      0.000146,
      "\u001b[33m⠋\u001b[39m Loading rainbows"
    ],
    [
      0.080609,
      "\u001b[2K"
    ],
    [
      0.000104,
      "\u001b[1G"
    ],
    [
      0.000287,
      "\u001b[33m⠙\u001b[39m Loading rainbows"
    ],
    [
      0.080932,
      "\u001b[2K"
    ],
    [
      9.9e-05,
      "\u001b[1G"
    ],
    [
      0.000134,
      "\u001b[33m⠹\u001b[39m Loading rainbows"
    ],
    [
      0.081025,
      "\u001b[2K\u001b[1G"
    ],
    [
      0.00022,
      "\u001b[33m⠸\u001b[39m Loading rainbows"
    ],
    [
      0.086437,
      "\u001b[2K\u001b[1G"
    ],
    [
      0.00027,
      "\u001b[33m⠼\u001b[39m Loading rainbows"
    ],
    [
      0.084962,
      "\u001b[2K"
    ],
    [
      6.3e-05,
      "\u001b[1G"
    ],
    [
      0.00021,
      "\u001b[33m⠴\u001b[39m Loading rainbows"
    ],
    [
      0.083325,
      "\u001b[2K\u001b[1G"
    ],
    [
      0.000283,
      "\u001b[33m⠦\u001b[39m Loading rainbows"
    ],
    [
      0.080876,
      "\u001b[2K"
    ],
    [
      9.1e-05,
      "\u001b[1G"
    ],
    [
      0.000228,
      "\u001b[33m⠧\u001b[39m Loading rainbows"
    ],
    [
      0.080961,
      "\u001b[2K"
    ],
    [
      9e-05,
      "\u001b[1G"
    ],
    [
      0.000267,
      "\u001b[33m⠇\u001b[39m Loading rainbows"
    ],
    [
      0.086332,
      "\u001b[2K"
    ],
    [
      7.9e-05,
      "\u001b[1G"
    ],
    [
      0.001762,
      "\u001b[33m⠏\u001b[39m Loading rainbows"
    ]
  ]
}
